ID;Full Name;Field;Activity;IMO Number
1;Scarlet Dalton;Crane operator;Free;0
2;Odin Nixon;Crane operator;Free;0
3;Ronan Hale;Crane operator;Free;0
4;Julissa Sanchez;Crane operator;Free;0
5;Antonio Randolph;Crane operator;Free;0
6;Angelo Abbott;Crane operator;Free;0
7;Kayden Burns;Crane operator;Free;0
8;Eugene Ibarra;Trailer driver;Free;0
9;Jennifer Green;Trailer driver;Free;0
10;Cristopher Pacheco;Trailer driver;Free;0
11;Juliette Armstrong;Trailer driver;Free;0
12;Esmeralda Blair;Trailer driver;Free;0
13;Karson Dominguez;Trailer driver;Free;0
14;Bryan Porter;Trailer driver;Free;0
15;Miles Dougherty;Towing boat captain;Free;0
16;Cael Roy;Towing boat captain;Free;0
17;Jovan Stafford;Towing boat captain;Free;0
18;Lillian Cortez;Guiding boat captain;Free;0
19;Ahmad Marsh;Guiding boat captain;Free;0
20;Eugene Lynn;Guiding boat captain;Free;0
